{
    "is_trained": true,
    "last_loss": 0.5563303670694241,
    "last_accuracy": 91.09898739878787,
    "last_trained_date": "2026-05-10 17:01:24",
    "latent_dim": 10,
    "feature_count": 26
}